Year	variant_top10	production_type	n
2018	Other	Broiler	13
2018	Other	Parent	3
2018	ST117-O161:H4	Broiler	1
2018	ST429-O2/O50:H1	Broiler	14
2018	ST95-O1:H7	Parent	2
2019	Other	Broiler	20
2019	Other	Parent	10
2019	ST131-O25:H4	Parent	1
2019	ST371-O45:H19	Broiler	5
2019	ST429-O2/O50:H1	Broiler	37
2019	ST95-O1:H7	Broiler	4
2019	ST95-O1:H7	Parent	17
2019	ST95-O2/O50:H5	Broiler	8
2019	ST95-O2/O50:H5	Parent	2
2020	Other	Broiler	55
2020	Other	Parent	5
2020	ST117-O24:H4	Parent	9
2020	ST371-O45:H19	Broiler	4
2020	ST428-O120:H4	Broiler	2
2020	ST95-O1:H7	Broiler	8
2020	ST95-O2/O50:H5	Broiler	2
2021	Other	Broiler	71
2021	Other	Parent	30
2021	ST131-O25:H4	Broiler	8
2021	ST131-O25:H4	Parent	1
2021	ST23-O78:H4	Broiler	175
2021	ST23-O78:H4	Parent	14
2021	ST371-O45:H19	Broiler	1
2021	ST428-O120:H4	Broiler	3
2021	ST69-O3:HNT	Broiler	5
2021	ST69-O3:HNT	Parent	1
2021	ST95-O2/O50:H5	Broiler	7
2021	ST95-O2/O50:H5	Parent	1
2022	Other	Broiler	21
2022	Other	Parent	9
2022	ST117-O161:H4	Broiler	1
2022	ST117-O24:H4	Parent	3
2022	ST131-O25:H4	Broiler	13
2022	ST131-O25:H4	Parent	1
2022	ST23-O78:H4	Broiler	29
2022	ST23-O78:H4	Parent	6
2022	ST371-O45:H19	Broiler	2
2022	ST69-O3:HNT	Broiler	12
2022	ST69-O3:HNT	Parent	1
2022	ST95-O2/O50:H5	Broiler	5
2022	ST95-O2/O50:H5	Parent	2
2023	Other	Broiler	9
2023	Other	Parent	8
2023	ST117-O24:H4	Parent	4
2023	ST131-O25:H4	Broiler	1
2023	ST131-O25:H4	Parent	1
2023	ST23-O78:H4	Broiler	20
2023	ST428-O120:H4	Parent	4
2023	ST69-O3:HNT	Broiler	2
2023	ST95-O2/O50:H5	Broiler	1
2024	Other	Broiler	17
2024	Other	Parent	21
2024	ST117-O161:H4	Broiler	13
2024	ST117-O24:H4	Parent	7
2024	ST131-O25:H4	Parent	9
2024	ST371-O45:H19	Parent	2
2024	ST428-O120:H4	Parent	1
2024	ST429-O2/O50:H1	Parent	2
2024	ST69-O3:HNT	Parent	1
2024	ST95-O2/O50:H5	Parent	2
2025	Other	Broiler	21
2025	Other	Parent	21
2025	ST117-O161:H4	Broiler	10
2025	ST117-O161:H4	Parent	7
2025	ST117-O24:H4	Broiler	2
2025	ST117-O24:H4	Parent	13
2025	ST131-O25:H4	Broiler	3
2025	ST131-O25:H4	Parent	8
2025	ST371-O45:H19	Broiler	13
2025	ST428-O120:H4	Broiler	7
2025	ST428-O120:H4	Parent	4
2025	ST95-O2/O50:H5	Broiler	5
2025	ST95-O2/O50:H5	Parent	1
