Year	variant_top10	Broiler	Parent	total	total_bin
2018	Other	13	3	16	10-50
2018	ST117-O161:H4	1	0	1	1-10
2018	ST429-O2/O50:H1	14	0	14	10-50
2018	ST95-O1:H7	0	2	2	1-10
2019	Other	20	10	30	10-50
2019	ST131-O25:H4	0	1	1	1-10
2019	ST371-O45:H19	5	0	5	1-10
2019	ST429-O2/O50:H1	37	0	37	10-50
2019	ST95-O1:H7	4	17	21	10-50
2019	ST95-O2/O50:H5	8	2	10	10-50
2020	Other	55	5	60	50-100
2020	ST117-O24:H4	0	9	9	1-10
2020	ST371-O45:H19	4	0	4	1-10
2020	ST428-O120:H4	2	0	2	1-10
2020	ST95-O1:H7	8	0	8	1-10
2020	ST95-O2/O50:H5	2	0	2	1-10
2021	Other	71	30	101	100-200
2021	ST131-O25:H4	8	1	9	1-10
2021	ST23-O78:H4	175	14	189	100-200
2021	ST371-O45:H19	1	0	1	1-10
2021	ST428-O120:H4	3	0	3	1-10
2021	ST69-O3:HNT	5	1	6	1-10
2021	ST95-O2/O50:H5	7	1	8	1-10
2022	Other	21	9	30	10-50
2022	ST117-O161:H4	1	0	1	1-10
2022	ST117-O24:H4	0	3	3	1-10
2022	ST131-O25:H4	13	1	14	10-50
2022	ST23-O78:H4	29	6	35	10-50
2022	ST371-O45:H19	2	0	2	1-10
2022	ST69-O3:HNT	12	1	13	10-50
2022	ST95-O2/O50:H5	5	2	7	1-10
2023	Other	9	8	17	10-50
2023	ST117-O24:H4	0	4	4	1-10
2023	ST131-O25:H4	1	1	2	1-10
2023	ST23-O78:H4	20	0	20	10-50
2023	ST428-O120:H4	0	4	4	1-10
2023	ST69-O3:HNT	2	0	2	1-10
2023	ST95-O2/O50:H5	1	0	1	1-10
2024	Other	17	21	38	10-50
2024	ST117-O161:H4	13	0	13	10-50
2024	ST117-O24:H4	0	7	7	1-10
2024	ST131-O25:H4	0	9	9	1-10
2024	ST371-O45:H19	0	2	2	1-10
2024	ST428-O120:H4	0	1	1	1-10
2024	ST429-O2/O50:H1	0	2	2	1-10
2024	ST69-O3:HNT	0	1	1	1-10
2024	ST95-O2/O50:H5	0	2	2	1-10
2025	Other	21	21	42	10-50
2025	ST117-O161:H4	10	7	17	10-50
2025	ST117-O24:H4	2	13	15	10-50
2025	ST131-O25:H4	3	8	11	10-50
2025	ST371-O45:H19	13	0	13	10-50
2025	ST428-O120:H4	7	4	11	10-50
2025	ST95-O2/O50:H5	5	1	6	1-10
