  Year,           Case,    ST,                        Serotype,                       Production,          Species
2018: 33  ,2019-01-19   : 15  ,10   : 12  ,O1:H4                       :  4  ,"Foreldredyr, kjøttproduksjon:234  ",Høns          : 77  
2019:104  ,2019-01-70   : 15  ,101  : 28  ,O1:H7                       : 34  ,Kjøttproduksjon             :650  ,Hubbard       : 40  
2020: 85  ,2019-01-2117 : 14  ,10836:  3  ,O1:HNT                      :  2  ,,Hubbard JA 787:100  
2021:317  ,2020-01-3462 : 10  ,1112 :  1  ,O102:H51                    :  2  ,,Ross          :  1  
2022:105  ,2019-01-1992 :  8  ,1137 :  1  ,O102:HNT                    :  1  ,,Ross 308      :646  
2023: 50  ,2018-01-3168 :  5  ,1141 :  2  ,O103:H12                    :  2  ,,Ross rowan    :  3  
2024: 75  ,2018-01-3224 :  5  ,1146 :  4  ,O103:H2                     :  4  ,,Rowan 308     :  1  
2025:115  ,2018-01-4025 :  5  ,1163 :  6  ,O103:H21                    : 16  ,,Rowan ranger  :  9  
,2018-01-4259 :  5  ,117  : 83  ,O103:H7                     :  8  ,,Rustic gold   :  2  
,2018-01-4792 :  5  ,1170 :  5  ,O104:H2                     :  1  ,,Sasso         :  5  
,2018-01-4835 :  5  ,118  :  1  ,O109:H21                    :  1  ,,
,2019-01-1019 :  5  ,1251 :  1  ,O11:H15                     :  1  ,,
,2019-01-128  :  5  ,12513:  3  ,O11:H25                     : 23  ,,
,2019-01-1853 :  5  ,12959:  2  ,O112ac/O8:H46               :  1  ,,
,2019-01-2415 :  5  ,12960:  3  ,O112ac/O8/O8:H46            : 10  ,,
,2019-01-2821 :  5  ,12961:  1  ,O112ac/O9/O9:H51            :  4  ,,
,2019-01-3093 :  5  ,131  : 46  ,O113:H4                     :  2  ,,
,2019-01-3246 :  5  ,13199:  1  ,O119:H4                     :  1  ,,
,2019-01-974  :  5  ,135  : 18  ,O120:H4                     : 21  ,,
,2020-01-1069 :  5  ,140  :  5  ,O125ab:H19                  :  1  ,,
,2020-01-1133 :  5  ,14800:  1  ,O13/O129/O13/O135:H4        :  3  ,,
,2020-01-2799 :  5  ,1485 :  3  ,O132:H28                    :  1  ,,
,2020-01-3221 :  5  ,154  :  1  ,O133:H4                     :  2  ,,
,2020-01-3702 :  5  ,155  : 15  ,O134/O46:H38                :  1  ,,
,2020-01-3783 :  5  ,1594 :  1  ,O134/O46/O8/O8/O8:H21       :  1  ,,
,2020-01-3949 :  5  ,1611 :  1  ,O140:H25                    :  2  ,,
,2020-01-4104 :  5  ,162  :  4  ,O143:H4                     :  3  ,,
,2020-01-4233 :  5  ,1638 :  3  ,O149:H23                    :  6  ,,
,2020-01-4520 :  5  ,1640 :  1  ,O149:HNT                    :  3  ,,
,2020-01-594  :  5  ,1656 :  1  ,O15:H16                     :  2  ,,
,2020-01-918  :  5  ,1665 :  1  ,O15:H18                     :  3  ,,
,2021-01-1069 :  5  ,16710:  2  ,O15:H33                     :  3  ,,
,2021-01-1070 :  5  ,1674 : 12  ,O15:H45                     :  3  ,,
,2021-01-1196 :  5  ,1677 :  1  ,O15:HNT                     :  1  ,,
,2021-01-1197 :  5  ,1684 :  1  ,O150:H20                    :  1  ,,
,2021-01-1342 :  5  ,1718 :  1  ,O152/O8/O8:H11              :  1  ,,
,2021-01-1343 :  5  ,17749:  3  ,O153:H9                     :  3  ,,
,2021-01-1374 :  5  ,17750:  3  ,O155/O8/O8:H11              :  1  ,,
,2021-01-1375 :  5  ,17751:  1  ,O159:H20                    :  3  ,,
,2021-01-1434 :  5  ,17752:  1  ,O16:H48                     :  3  ,,
,2021-01-1437 :  5  ,1841 :  8  ,O161:H4                     : 32  ,,
,2021-01-1460 :  5  ,191  :  1  ,O162:H7                     :  1  ,,
,2021-01-1461 :  5  ,2001 :  7  ,O166:H15                    :  5  ,,
,2021-01-1527 :  5  ,2040 :  3  ,O17/O44/O17/O77:H18         : 13  ,,
,2021-01-1532 :  5  ,212  :  1  ,O17/O44/O17/O77:H41         :  1  ,,
,2021-01-1547 :  5  ,227  :  1  ,O17/O44/O17/O77/O8/O8/O8:H28:  1  ,,
,2021-01-1562 :  5  ,23   :255  ,O170:H1                     :  1  ,,
,2021-01-1595 :  5  ,2473 :  5  ,O171:H10                    :  1  ,,
,2021-01-1596 :  5  ,2485 :  2  ,O176:H11                    :  1  ,,
,2021-01-1607 :  5  ,2491 :  1  ,O176:H38                    :  3  ,,
,2021-01-1609 :  5  ,2690 :  3  ,O18/O18ab/O18ac:H49         :  1  ,,
,2021-01-1647 :  5  ,2753 :  1  ,O182:H21                    :  1  ,,
,2021-01-1709 :  5  ,295  :  1  ,O182:HNT                    :  2  ,,
,2021-01-1731 :  5  ,2973 :  1  ,O185:H16                    :  1  ,,
,2021-01-1733 :  5  ,3006 :  2  ,O2/O50:H1                   : 71  ,,
,2021-01-1796 :  5  ,3249 :  1  ,O2/O50:H5                   : 49  ,,
,2021-01-1808 :  5  ,345  :  1  ,O23:H28                     :  4  ,,
,2021-01-1852 :  5  ,349  :  7  ,O23:H4                      :  1  ,,
,2021-01-1876 :  5  ,355  :  4  ,O23:H48                     :  1  ,,
,2021-01-1977 :  5  ,362  :  1  ,O23:H6                      :  1  ,,
,2021-01-1984 :  5  ,371  : 27  ,O23:HNT                     : 15  ,,
,2021-01-2250 :  5  ,38   :  3  ,O24:H4                      : 38  ,,
,2025-04-4138 :  5  ,40   :  1  ,O25:H4                      : 47  ,,
,2019-01-181  :  4  ,428  : 21  ,O26:H32                     :  2  ,,
,2020-01-2857 :  4  ,429  : 53  ,O3:H45                      :  1  ,,
,2020-01-3434 :  4  ,442  :  1  ,O3:HNT                      : 22  ,,
,2020-01-3971 :  4  ,457  : 11  ,O39:H26                     :  1  ,,
,2021-01-1376 :  4  ,48   :  5  ,O4:H42                      :  1  ,,
,2021-01-1436 :  4  ,4976 :  1  ,O41:H45                     :  3  ,,
,2021-01-1777 :  4  ,5340 : 11  ,O43:H2                      :  1  ,,
,2021-01-1810 :  4  ,5375 :  3  ,O45:H15                     :  1  ,,
,2021-01-1820 :  4  ,538  :  3  ,O45:H19                     : 27  ,,
,2021-01-2399 :  4  ,54   :  1  ,O49:H12                     :  1  ,,
,2024-04-22473:  4  ,57   :  7  ,O49:H15                     :  1  ,,
,2018-01-3160 :  3  ,5931 :  2  ,O5:H10                      :  4  ,,
,2019-01-1645 :  3  ,6665 :  3  ,O5:H11                      :  1  ,,
,2019-01-2324 :  3  ,69   : 47  ,O5:HNT                      :  3  ,,
,2020-01-537  :  3  ,7013 :  3  ,O53:H18                     :  3  ,,
,2021-01-1435 :  3  ,770  :  4  ,O55:H27                     :  1  ,,
,2021-01-1486 :  3  ,83   :  1  ,O6:H16                      :  1  ,,
,2021-01-1548 :  3  ,8330 :  1  ,O61/O8:H19                  :  2  ,,
,2021-01-1549 :  3  ,88   :  5  ,O7:H4                       :  1  ,,
,2021-01-1608 :  3  ,8874 :  1  ,O7:HNT                      :  1  ,,
,2021-01-1648 :  3  ,93   : 10  ,O71:HNT                     :  1  ,,
,2021-01-1649 :  3  ,937  :  1  ,O78:H10                     :  6  ,,
,2021-01-1708 :  3  ,9424 :  1  ,O78:H4                      :251  ,,
,2021-01-1711 :  3  ,9427 :  1  ,O8:H12                      :  1  ,,
,2021-01-1732 :  3  ,95   : 67  ,O8:H17                      :  6  ,,
,2021-01-1819 :  3  ,,O8:H19                      :  1  ,,
,2021-01-1850 :  3  ,,O8:H20                      :  2  ,,
,2021-01-1851 :  3  ,,O8:H4                       :  1  ,,
,2021-01-1869 :  3  ,,O8:H42                      :  2  ,,
,2021-01-2039 :  3  ,,O8:H8                       :  1  ,,
,2021-01-2040 :  3  ,,O8:H9                       :  7  ,,
,2021-01-2051 :  3  ,,O82:H10                     :  1  ,,
,2021-01-2066 :  3  ,,O83:H42                     :  1  ,,
,2021-01-2280 :  3  ,,O83:H5                      :  1  ,,
,2021-01-2400 :  3  ,,O84:H25                     :  5  ,,
,2021-01-2401 :  3  ,,O86:H2                      :  3  ,,
,2021-01-2771 :  3  ,,O86:H27                     :  1  ,,
,2021-01-2791 :  3  ,,O86:H51                     :  2  ,,
,2021-01-3418 :  3  ,,O88:H16                     :  2  ,,
,2021-01-3627 :  3  ,,O88:H8                      : 12  ,,
,2021-01-3680 :  3  ,,O9:H31                      :  1  ,,
,2021-01-3987 :  3  ,,O9:H4                       :  1  ,,
,2021-01-4290 :  3  ,,O91:HNT                     :  4  ,,
,2021-01-4604 :  3  ,,O93:H16                     :  1  ,,
,2021-01-4693 :  3  ,,O99:H33                     :  5  ,,
,2021-04-12429:  3  ,,ONT:H10                     :  2  ,,
,2021-40-1920 :  3  ,,ONT:H21                     :  2  ,,
,2021-40-4189 :  3  ,,ONT:H30                     :  3  ,,
,2022-01-1198 :  3  ,,ONT:H32                     :  1  ,,
,2022-01-252  :  3  ,,ONT:H45                     :  1  ,,
,2022-01-314  :  3  ,,ONT:H9                      :  1  ,,
,2022-01-813  :  3  ,,ONT:HNT                     :  1  ,,
,2022-01-893  :  3  ,,,,
,2022-01-894  :  3  ,,,,
,2024-01-10621:  3  ,,,,
,2024-01-12515:  3  ,,,,
,2024-01-9941 :  3  ,,,,
,2024-04-16924:  3  ,,,,
,2024-04-7495 :  3  ,,,,
,2025-01-4772 :  3  ,,,,
,2025-01-7018 :  3  ,,,,
,2025-01-7919 :  3  ,,,,
,2019-01-182  :  2  ,,,,
,2021-01-1975 :  2  ,,,,
,2021-01-1979 :  2  ,,,,
,2021-01-1980 :  2  ,,,,
,2021-04-8322 :  2  ,,,,
,2021-40-2415 :  2  ,,,,
,2021-40-3147 :  2  ,,,,
,2021-40-3586 :  2  ,,,,
,2021-40-7569 :  2  ,,,,
,2022-01-159  :  2  ,,,,
,2022-04-17274:  2  ,,,,
,2022-40-4314 :  2  ,,,,
,2023-01-5226 :  2  ,,,,
,2023-01-5955 :  2  ,,,,
,2023-01-7577 :  2  ,,,,
,2023-01-785  :  2  ,,,,
,2023-04-7747 :  2  ,,,,
,2024-01-10177:  2  ,,,,
,2024-01-11021:  2  ,,,,
,2024-01-11459:  2  ,,,,
,2024-01-11751:  2  ,,,,
,2024-01-11937:  2  ,,,,
,2024-01-11938:  2  ,,,,
,2024-01-12169:  2  ,,,,
,2024-01-3859 :  2  ,,,,
,2024-01-3860 :  2  ,,,,
,2024-01-7749 :  2  ,,,,
,2024-01-9479 :  2  ,,,,
,2024-01-9514 :  2  ,,,,
,2024-01-9772 :  2  ,,,,
,2024-04-11131:  2  ,,,,
,2024-04-14698:  2  ,,,,
,2024-04-17886:  2  ,,,,
,2024-04-21126:  2  ,,,,
,2024-04-22080:  2  ,,,,
,2024-04-33268:  2  ,,,,
,2024-04-35160:  2  ,,,,
,2024-04-35387:  2  ,,,,
,2024-04-7492 :  2  ,,,,
,2024-40-120  :  2  ,,,,
,2025-01-10051:  2  ,,,,
,2025-01-10578:  2  ,,,,
,2025-01-10587:  2  ,,,,
,2025-01-10588:  2  ,,,,
,2025-01-10849:  2  ,,,,
,2025-01-10985:  2  ,,,,
,2025-01-11060:  2  ,,,,
,2025-01-11374:  2  ,,,,
,2025-01-11871:  2  ,,,,
,2025-01-11906:  2  ,,,,
,2025-01-12569:  2  ,,,,
,2025-01-12851:  2  ,,,,
,2025-01-13123:  2  ,,,,
,2025-01-14344:  2  ,,,,
,2025-01-1461 :  2  ,,,,
,2025-01-2207 :  2  ,,,,
,2025-01-2703 :  2  ,,,,
,2025-01-3849 :  2  ,,,,
,2025-01-4047 :  2  ,,,,
,2025-01-4185 :  2  ,,,,
,2025-01-4186 :  2  ,,,,
,2025-01-5029 :  2  ,,,,
,2025-01-5102 :  2  ,,,,
,2025-01-5884 :  2  ,,,,
,2025-01-6495 :  2  ,,,,
,2025-01-6505 :  2  ,,,,
,2025-01-8368 :  2  ,,,,
,2025-01-8565 :  2  ,,,,
,2025-01-8801 :  2  ,,,,
,2025-04-16748:  2  ,,,,
,2025-04-19280:  2  ,,,,
,2025-04-1942 :  2  ,,,,
,2025-04-19620:  2  ,,,,
,2025-04-27270:  2  ,,,,
,(Other)      :187  ,,,,
